date,weekday,is_weekday,is_holiday,is_scheduled_instruction_day,semester_status,II-BME,II-ECE-DS-A,II-ECE-DS-B,III-BME,III-ECE-A,III-ECE-B,III-ECE-DS,IV-ECE-A,IV-ECE-B
2026-08-29,Saturday,False,False,False,no-class,0,0,0,0,0,0,0,0,0
2026-08-30,Sunday,False,False,False,no-class,0,0,0,0,0,0,0,0,0
2026-08-31,Monday,True,False,True,instruction,6,8,6,8,6,6,4,3,4
2026-09-01,Tuesday,True,False,True,instruction,6,7,6,7,5,6,6,4,4
2026-09-02,Wednesday,True,False,True,instruction,5,5,5,4,6,5,6,4,4
2026-09-03,Thursday,True,False,True,instruction,6,6,8,5,4,6,4,4,4
2026-09-04,Friday,True,False,True,instruction,6,4,5,5,6,4,7,4,3
2026-09-05,Saturday,False,False,False,no-class,0,0,0,0,0,0,0,0,0
2026-09-06,Sunday,False,False,False,no-class,0,0,0,0,0,0,0,0,0
2026-09-07,Monday,True,False,True,instruction,6,8,6,8,6,6,4,3,4
2026-09-08,Tuesday,True,False,True,instruction,6,7,6,7,5,6,6,4,4
2026-09-09,Wednesday,True,False,True,instruction,5,5,5,4,6,5,6,4,4
2026-09-10,Thursday,True,False,True,instruction,6,6,8,5,4,6,4,4,4
2026-09-11,Friday,True,False,True,instruction,6,4,5,5,6,4,7,4,3
2026-09-12,Saturday,False,False,False,no-class,0,0,0,0,0,0,0,0,0
2026-09-13,Sunday,False,False,False,no-class,0,0,0,0,0,0,0,0,0
2026-09-14,Monday,True,False,True,instruction,6,8,6,8,6,6,4,3,4
2026-09-15,Tuesday,True,False,True,instruction,6,7,6,7,5,6,6,4,4
2026-09-16,Wednesday,True,False,True,instruction,5,5,5,4,6,5,6,4,4
2026-09-17,Thursday,True,False,True,instruction,6,6,8,5,4,6,4,4,4
2026-09-18,Friday,True,False,True,instruction,6,4,5,5,6,4,7,4,3
2026-09-19,Saturday,False,False,False,no-class,0,0,0,0,0,0,0,0,0
2026-09-20,Sunday,False,False,False,no-class,0,0,0,0,0,0,0,0,0
2026-09-21,Monday,True,False,True,instruction,6,8,6,8,6,6,4,3,4
2026-09-22,Tuesday,True,False,True,instruction,6,7,6,7,5,6,6,4,4
2026-09-23,Wednesday,True,False,True,instruction,5,5,5,4,6,5,6,4,4
2026-09-24,Thursday,True,False,True,instruction,6,6,8,5,4,6,4,4,4
2026-09-25,Friday,True,False,True,instruction,6,4,5,5,6,4,7,4,3
2026-09-26,Saturday,False,False,False,no-class,0,0,0,0,0,0,0,0,0
2026-09-27,Sunday,False,False,False,no-class,0,0,0,0,0,0,0,0,0
2026-09-28,Monday,True,False,True,instruction,6,8,6,8,6,6,4,3,4
2026-09-29,Tuesday,True,False,True,instruction,6,7,6,7,5,6,6,4,4
2026-09-30,Wednesday,True,False,True,instruction,5,5,5,4,6,5,6,4,4
2026-10-01,Thursday,True,False,True,instruction,6,6,8,5,4,6,4,4,4
2026-10-02,Friday,True,False,True,instruction,6,4,5,5,6,4,7,4,3
2026-10-03,Saturday,False,False,False,no-class,0,0,0,0,0,0,0,0,0
2026-10-04,Sunday,False,False,False,no-class,0,0,0,0,0,0,0,0,0
2026-10-05,Monday,True,False,True,instruction,6,8,6,8,6,6,4,3,4
2026-10-06,Tuesday,True,False,True,instruction,6,7,6,7,5,6,6,4,4
2026-10-07,Wednesday,True,False,True,instruction,5,5,5,4,6,5,6,4,4
2026-10-08,Thursday,True,False,True,instruction,6,6,8,5,4,6,4,4,4
2026-10-09,Friday,True,False,True,instruction,6,4,5,5,6,4,7,4,3
2026-10-10,Saturday,False,False,False,no-class,0,0,0,0,0,0,0,0,0
2026-10-11,Sunday,False,False,False,no-class,0,0,0,0,0,0,0,0,0
2026-10-12,Monday,True,False,True,instruction,6,8,6,8,6,6,4,3,4
2026-10-13,Tuesday,True,False,True,instruction,6,7,6,7,5,6,6,4,4
2026-10-14,Wednesday,True,False,True,instruction,5,5,5,4,6,5,6,4,4
2026-10-15,Thursday,True,False,True,instruction,6,6,8,5,4,6,4,4,4
2026-10-16,Friday,True,False,True,instruction,6,4,5,5,6,4,7,4,3
2026-10-17,Saturday,False,False,False,no-class,0,0,0,0,0,0,0,0,0
2026-10-18,Sunday,False,False,False,no-class,0,0,0,0,0,0,0,0,0
2026-10-19,Monday,True,False,True,instruction,6,8,6,8,6,6,4,3,4
2026-10-20,Tuesday,True,False,True,instruction,6,7,6,7,5,6,6,4,4
2026-10-21,Wednesday,True,False,True,instruction,5,5,5,4,6,5,6,4,4
2026-10-22,Thursday,True,False,True,instruction,6,6,8,5,4,6,4,4,4
2026-10-23,Friday,True,False,True,instruction,6,4,5,5,6,4,7,4,3
2026-10-24,Saturday,False,False,False,no-class,0,0,0,0,0,0,0,0,0
2026-10-25,Sunday,False,False,False,no-class,0,0,0,0,0,0,0,0,0
2026-10-26,Monday,True,False,True,instruction,6,8,6,8,6,6,4,3,4
2026-10-27,Tuesday,True,False,True,instruction,6,7,6,7,5,6,6,4,4
2026-10-28,Wednesday,True,False,True,instruction,5,5,5,4,6,5,6,4,4
2026-10-29,Thursday,True,False,True,instruction,6,6,8,5,4,6,4,4,4
2026-10-30,Friday,True,False,True,instruction,6,4,5,5,6,4,7,4,3
2026-10-31,Saturday,False,False,False,no-class,0,0,0,0,0,0,0,0,0
2026-11-01,Sunday,False,False,False,no-class,0,0,0,0,0,0,0,0,0
2026-11-02,Monday,True,False,True,instruction,6,8,6,8,6,6,4,3,4
2026-11-03,Tuesday,True,False,True,instruction,6,7,6,7,5,6,6,4,4
2026-11-04,Wednesday,True,False,True,instruction,5,5,5,4,6,5,6,4,4
2026-11-05,Thursday,True,False,True,instruction,6,6,8,5,4,6,4,4,4
2026-11-06,Friday,True,False,True,instruction,6,4,5,5,6,4,7,4,3
2026-11-07,Saturday,False,False,False,no-class,0,0,0,0,0,0,0,0,0
2026-11-08,Sunday,False,False,False,no-class,0,0,0,0,0,0,0,0,0
2026-11-09,Monday,True,False,True,instruction,6,8,6,8,6,6,4,3,4
2026-11-10,Tuesday,True,False,True,instruction,6,7,6,7,5,6,6,4,4
2026-11-11,Wednesday,True,False,True,instruction,5,5,5,4,6,5,6,4,4
2026-11-12,Thursday,True,False,True,instruction,6,6,8,5,4,6,4,4,4
2026-11-13,Friday,True,False,True,instruction,6,4,5,5,6,4,7,4,3
2026-11-14,Saturday,False,False,False,no-class,0,0,0,0,0,0,0,0,0
2026-11-15,Sunday,False,False,False,no-class,0,0,0,0,0,0,0,0,0
2026-11-16,Monday,True,False,True,instruction,6,8,6,8,6,6,4,3,4
2026-11-17,Tuesday,True,False,True,instruction,6,7,6,7,5,6,6,4,4
2026-11-18,Wednesday,True,False,True,instruction,5,5,5,4,6,5,6,4,4
2026-11-19,Thursday,True,False,True,instruction,6,6,8,5,4,6,4,4,4
2026-11-20,Friday,True,False,True,instruction,6,4,5,5,6,4,7,4,3
2026-11-21,Saturday,False,False,False,no-class,0,0,0,0,0,0,0,0,0
2026-11-22,Sunday,False,False,False,no-class,0,0,0,0,0,0,0,0,0
2026-11-23,Monday,True,False,True,instruction,6,8,6,8,6,6,4,3,4
2026-11-24,Tuesday,True,False,True,instruction,6,7,6,7,5,6,6,4,4
2026-11-25,Wednesday,True,False,True,instruction,5,5,5,4,6,5,6,4,4
2026-11-26,Thursday,True,False,True,instruction,6,6,8,5,4,6,4,4,4
2026-11-27,Friday,True,False,True,instruction,6,4,5,5,6,4,7,4,3
2026-11-28,Saturday,False,False,False,no-class,0,0,0,0,0,0,0,0,0
2026-11-29,Sunday,False,False,False,no-class,0,0,0,0,0,0,0,0,0
